                  epoch,         train/box_loss,         train/cls_loss,         train/dfl_loss,   metrics/precision(B),      metrics/recall(B),       metrics/mAP50(B),    metrics/mAP50-95(B),           val/box_loss,           val/cls_loss,           val/dfl_loss,                 lr/pg0,                 lr/pg1,                 lr/pg2
                      0,                 1.5404,                0.95903,                0.96478,                0.82436,                 0.7157,                0.81687,                0.50753,                 1.2591,                0.75668,                0.91837,             0.00066648,             0.00066648,             0.00066648
                      1,                 1.3699,                0.75821,                0.92682,                 0.8438,                0.76075,                0.85038,                0.55716,                 1.1373,                0.69449,                0.89176,              0.0010692,              0.0010692,              0.0010692
                      2,                 1.3058,                0.71722,                0.91572,                0.85165,                0.77146,                0.86082,                0.58129,                 1.0872,                0.63966,                 0.8822,              0.0012079,              0.0012079,              0.0012079
                      3,                  1.249,                0.68231,                0.90534,                0.85919,                0.77915,                0.86729,                0.59409,                 1.0491,                0.61645,                0.87454,               0.000812,               0.000812,               0.000812
                      4,                 1.2224,                0.66631,                0.89991,                0.86376,                0.78453,                0.87288,                0.60317,                 1.0239,                0.60329,                0.86987,               0.000812,               0.000812,               0.000812
